{
  "templates": [
    {
      "name": "original",
      "slug": "original",
      "title": "Original"
    },
    {
      "name": "business",
      "slug": "business",
      "title": "Business"
    },
    {
      "name": "original_dark",
      "slug": "original-dark",
      "title": "Original Dark"
    },
    {
      "name": "modern",
      "slug": "modern",
      "title": "Modern"
    },
    {
      "name": "corporate",
      "slug": "corporate",
      "title": "Corporate"
    },
    {
      "name": "creative",
      "slug": "creative",
      "title": "Creative"
    },
    {
      "name": "agency",
      "slug": "agency",
      "title": "Agency"
    },
    {
      "name": "classic_business",
      "slug": "classic-business",
      "title": "Classic Business"
    },
    {
      "name": "onepage",
      "slug": "onepage",
      "title": "Onepage"
    },
    {
      "name": "lawyer",
      "slug": "lawyer",
      "title": "Lawyer"
    },
    {
      "name": "marketplace",
      "slug": "marketplace",
      "title": "Marketplace"
    },
    {
      "name": "construction",
      "slug": "construction",
      "title": "Construction"
    },
    {
      "name": "restaurant",
      "slug": "restaurant",
      "title": "Restaurant"
    },
    {
      "name": "saas",
      "slug": "saas",
      "title": "Saas"
    },
    {
      "name": "seo",
      "slug": "seo",
      "title": "SEO"
    },
    {
      "name": "influencer",
      "slug": "influencer",
      "title": "Influencer"
    },
    {
      "name": "marketing",
      "slug": "marketing",
      "title": "Marketing"
    },
    {
      "name": "photography",
      "slug": "photography",
      "title": "Photography"
    },
    {
      "name": "beauty",
      "slug": "beauty",
      "title": "Beauty"
    },
    {
      "name": "education",
      "slug": "education",
      "title": "Education"
    },
    {
      "name": "covid_19",
      "slug": "covid-19",
      "title": "Covid 19"
    },
    {
      "name": "shoe_store",
      "slug": "shoe-store",
      "title": "Shoe Store"
    },
    {
      "name": "gym",
      "slug": "gym",
      "title": "GYM"
    },
    {
      "name": "cargo",
      "slug": "cargo",
      "title": "Cargo"
    },
    {
      "name": "car_rent",
      "slug": "car-rent",
      "title": "Car Rent"
    },
    {
      "name": "furniture",
      "slug": "furniture",
      "title": "Furniture"
    },
    {
      "name": "landing",
      "slug": "landing",
      "title": "Landing"
    },
    {
      "name": "hotel",
      "slug": "hotel",
      "title": "Hotel"
    },
    {
      "name": "medical",
      "slug": "medical",
      "title": "Medical"
    },
    {
      "name": "news_magazine",
      "slug": "news-magazine",
      "title": "News Magazine"
    }

  ],

  "plugins": [
    {
      "name": "crust-core",
      "version": "1.0.2"
    },
    {
      "name": "js_composer",
      "version": "6.7.0"
    },
    {
      "name": "revslider",
      "version": "6.5.6"
    }
  ]

}
