[{"sidebar-2":["crust_core_module-2","search-3","crust_core_categories-2","crust_core_posts-2","crust_core_banners-2"],"footer-widgets":["crust-widget-image_text-2","crust_core_posts-3","tag_cloud-2","crust_core_tweets-2"]},{"crust_core_module":{"2":{"title":"","module":"1631"},"_multiwidget":1},"search":{"3":{"title":"Search In Site."},"_multiwidget":1},"crust_core_categories":{"2":{"title":"","count":"on","hierarchical":"","dropdown":""},"_multiwidget":1},"crust_core_posts":{"2":{"title":"Recent Posts","number":"3","show_date":"on"},"3":{"title":"Popular News","number":"3","show_date":"on"},"_multiwidget":1},"crust_core_banners":{"2":{"title":"","image":"1518","img_link":"https:\/\/crust.winsomethemes.com"},"_multiwidget":1},"crust-widget-image_text":{"2":{"title":"","image":"38","text":"Crust is a Responsive Multi-Purpose WordPress Theme built using HTML5\/CSS3 features and suitable for creative companies and also freelancers looking for a great customizable wordpress theme for their next projects."},"_multiwidget":1},"tag_cloud":{"2":{"title":"Tags Cloud","count":0,"taxonomy":"post_tag"},"_multiwidget":1},"crust_core_tweets":{"2":{"title":"Latest Tweets","tw_user":"it__rays","max_tweets":"3","visible_tweets":"1"},"_multiwidget":1}}]