[{"sidebar-2":["crust_core_author-2","crust_core_login-2","crust_core_posts-2","crust_core_banners-2","crust_core_categories-2","crust_core_tweets-2","tag_cloud-2"],"footer-widgets":["nav_menu-2","nav_menu-3","nav_menu-4","crust_core_newsletters-2"]},{"crust_core_author":{"2":{"title":""},"_multiwidget":1},"crust_core_login":{"2":{"title":"Members Area"},"_multiwidget":1},"crust_core_posts":{"2":{"title":"Recent Posts","number":"3","show_date":"on"},"_multiwidget":1},"crust_core_banners":{"2":{"title":"","image":"14824","img_link":"https:\/\/crust.it-rays.net\/"},"_multiwidget":1},"crust_core_categories":{"2":{"title":"Posts Categories","count":"on","hierarchical":"","dropdown":""},"_multiwidget":1},"crust_core_tweets":{"2":{"title":"Latest Tweets","tw_user":"it__rays","max_tweets":"3","visible_tweets":"1"},"_multiwidget":1},"tag_cloud":{"2":{"title":"Tags Cloud","count":0,"taxonomy":"post_tag"},"_multiwidget":1},"nav_menu":{"2":{"title":"Company","nav_menu":18},"3":{"title":"Product","nav_menu":17},"4":{"title":"Customer","nav_menu":18},"_multiwidget":1},"crust_core_newsletters":{"2":{"title":"","newsletters_text":"","form_id":"2138"},"_multiwidget":1}}]